subject,condition,recording_type,snr,accuracy
sub-1,overt,offline,0.0027307405791403,0.4134
sub-1,overt,online,0.0110226558686938,0.40522
sub-1,minimally_overt,offline,0.0058893542790814,0.4867
sub-1,minimally_overt,online,0.0185266561546579,0.507778
sub-1,covert,offline,0.0009679570139794,0.1869
sub-1,covert,online,0.003797472511426,0.191551
sub-2,overt,offline,0.0106579897098595,0.7032999999999999
sub-2,overt,online,0.018945029887348,0.7107
sub-2,minimally_overt,offline,0.0108626884016837,0.5201
sub-2,minimally_overt,online,0.0204819139125512,0.489899
sub-2,covert,offline,0.0069031025178932,0.2400999999999999
sub-2,covert,online,0.012721198461692,0.175385
sub-3,overt,offline,0.007057602477311,0.5483999999999999
sub-3,overt,online,0.0137894572344734,0.515952
sub-3,minimally_overt,offline,0.001875765270791,0.4266999999999999
sub-3,minimally_overt,online,-0.0017903755308322,0.212256
sub-3,covert,offline,0.0025480815238283,0.1892
sub-3,covert,online,-0.0019169899031181,0.23956
sub-4,overt,offline,0.0362132795287316,0.8700000000000001
sub-4,overt,online,0.0485492937010353,0.64
sub-4,minimally_overt,offline,0.0091968702824425,0.49
sub-4,minimally_overt,online,0.0106643511939514,0.4
sub-4,covert,offline,0.0072901917731411,0.2199999999999999
sub-4,covert,online,0.0094425664273183,0.34
sub-5,overt,offline,0.006634174046388,0.25
sub-5,overt,online,0.0281850126022416,0.376667
sub-5,minimally_overt,offline,0.0043668646314282,0.37
sub-5,minimally_overt,online,0.0064230583859912,0.294343
sub-5,covert,offline,0.0026956834825891,0.21
sub-5,covert,online,0.0028472195980099,0.272222
sub-6,overt,offline,0.0076902161644781,0.58
sub-6,overt,online,-0.0007541769237676,0.517094
sub-6,minimally_overt,offline,0.0049564509150509,0.6499999999999999
sub-6,minimally_overt,online,0.0089125035661572,0.519394
sub-6,covert,offline,0.0026577392564842,0.2199999999999999
sub-6,covert,online,-0.0003072361845566,0.265084
sub-7,overt,offline,0.0169061463526218,0.6199999999999999
sub-7,overt,online,0.0159437504001226,0.43697
sub-7,minimally_overt,offline,0.008980258881451,0.5700000000000001
sub-7,minimally_overt,online,0.0240629092033839,0.5
sub-7,covert,offline,0.0091621491128753,0.2
sub-7,covert,online,0.002086832996351,0.18
sub-8,overt,offline,0.0347331004685018,0.8
sub-8,overt,online,0.021132731300949,0.62202
sub-8,minimally_overt,offline,0.0226029253489535,0.7900000000000001
sub-8,minimally_overt,online,0.0128612580730777,0.440909
sub-8,covert,offline,0.0060677312677192,0.25
sub-8,covert,online,0.0085078254424784,0.405051
sub-9,overt,offline,0.007995807696722,0.39
sub-9,overt,online,0.0081624457138218,0.202436
sub-9,minimally_overt,offline,0.0046921809183674,0.28
sub-9,minimally_overt,online,0.008187234049259,0.246429
sub-9,covert,offline,0.0041486114327052,0.18
sub-9,covert,online,0.0072215768784972,0.188182
