subject,condition,recording_type,emg_rms,eeg_emg_mutual_information,accuracy
sub-1,overt,offline,0.9849773143627578,0.016796555728882,0.4134
sub-1,overt,online,0.9967295635933554,0.013975220551954,0.40522
sub-1,minimally_overt,offline,1.0317431818130385,0.0136932199907035,0.4867
sub-1,minimally_overt,online,1.0326804700354066,0.0136830393995341,0.507778
sub-1,covert,offline,0.7257590273963742,0.0123565137670001,0.1869
sub-1,covert,online,0.7192891246225624,0.0120724028478675,0.191551
sub-2,overt,offline,0.9728120725021208,0.0282247218391254,0.7032999999999999
sub-2,overt,online,0.9756875679437252,0.0244442358574096,0.7107
sub-2,minimally_overt,offline,0.8007405296689258,0.0147346228237294,0.5201
sub-2,minimally_overt,online,0.7445333897305259,0.0135340927018593,0.489899
sub-2,covert,offline,0.3572646875725456,0.0117613935327163,0.2400999999999999
sub-2,covert,online,0.3078783213201883,0.0121434348281549,0.175385
sub-3,overt,offline,1.001884312117195,0.0409204257704655,0.5483999999999999
sub-3,overt,online,1.0105942250180882,0.0415410811818597,0.515952
sub-3,minimally_overt,offline,0.8602323538391522,0.0463584501019462,0.4266999999999999
sub-3,minimally_overt,online,0.9055729290841108,0.0484327113830556,0.212256
sub-3,covert,offline,0.4906210283650975,0.0209138260495758,0.1892
sub-3,covert,online,0.4850102034669155,0.02024480905544,0.23956
sub-4,overt,offline,1.1371084238640494,0.0370770953491999,0.8700000000000001
sub-4,overt,online,1.1668721456182325,0.0267557331304083,0.64
sub-4,minimally_overt,offline,0.8646104807096915,0.0189618269371586,0.49
sub-4,minimally_overt,online,0.7693044834701347,0.0171754562465627,0.4
sub-4,covert,offline,0.6182082099675641,0.0157605473138047,0.2199999999999999
sub-4,covert,online,0.6966554312015312,0.018061397159947,0.34
sub-5,overt,offline,1.1200599123426644,0.0330297928769227,0.25
sub-5,overt,online,1.146933539954503,0.0222349594274257,0.376667
sub-5,minimally_overt,offline,0.9831861455293806,0.0255467891897355,0.37
sub-5,minimally_overt,online,0.9997783115942452,0.0217872257969962,0.294343
sub-5,covert,offline,0.7278322631166617,0.0196564210212346,0.21
sub-5,covert,online,0.7942273506732653,0.0220436790389223,0.272222
sub-6,overt,offline,1.0826524886319593,0.0307653041515165,0.58
sub-6,overt,online,1.0686803695097022,0.0260398588508665,0.517094
sub-6,minimally_overt,offline,0.9353062192072766,0.057340783133775,0.6499999999999999
sub-6,minimally_overt,online,0.940950271603192,0.0524612340282605,0.519394
sub-6,covert,offline,0.8321782091822737,0.0238060368262609,0.2199999999999999
sub-6,covert,online,0.720504056251186,0.0264745034208562,0.265084
sub-7,overt,offline,0.9395956868355688,0.0286676389009472,0.6199999999999999
sub-7,overt,online,0.96887588803005,0.0341381701857903,0.43697
sub-7,minimally_overt,offline,0.9426726867516564,0.0416133793762797,0.5700000000000001
sub-7,minimally_overt,online,1.0387307076579806,0.0505922784709707,0.5
sub-7,covert,offline,0.8381232726240163,0.0282921049638934,0.2
sub-7,covert,online,0.9329320734350964,0.0209264915683561,0.18
sub-8,overt,offline,1.0116614105668844,0.0194481299175997,0.8
sub-8,overt,online,1.0323934265826662,0.0192199229380457,0.62202
sub-8,minimally_overt,offline,1.1456936377015456,0.0380079401783228,0.7900000000000001
sub-8,minimally_overt,online,1.0861888667269513,0.0326224700787067,0.440909
sub-8,covert,offline,0.90327621178231,0.0192867549459421,0.25
sub-8,covert,online,0.9014740140444224,0.0279030840690455,0.405051
sub-9,overt,offline,1.1241121446110058,0.0198195057949513,0.39
sub-9,overt,online,1.1156216319025851,0.0149512712033931,0.202436
sub-9,minimally_overt,offline,1.0959752147212525,0.0306163272494876,0.28
sub-9,minimally_overt,online,1.0448761310775927,0.0146417353156907,0.246429
sub-9,covert,offline,0.9568494038370756,0.0421577486347086,0.18
sub-9,covert,online,1.05999488457382,0.0280299257141548,0.188182
