subject,condition,n_trials,volume_db_subject_centered,volume_db,source
sub-1,overt,150,14.006726447391095,54.996410816259555,mic_channel
sub-1,minimally_overt,150,-7.4097530191837038,33.579931349684756,mic_channel
sub-1,covert,150,-6.5969734282074057,34.392710940661054,mic_channel
sub-2,overt,150,18.168822237612027,61.538643100589461,mic_channel
sub-2,minimally_overt,150,-8.6481992620239367,34.721621600953497,mic_channel
sub-2,covert,150,-9.5206229755880756,33.849197887389359,mic_channel
sub-3,overt,150,17.18918969623568,59.67846666204025,mic_channel
sub-3,minimally_overt,150,-8.213332462298176,34.275944503506395,mic_channel
sub-3,covert,150,-8.9758572339375036,33.513419731867067,mic_channel
sub-4,overt,150,8.1994516904964385,-38.864802811434537,audio_recording
sub-4,minimally_overt,150,-4.375195508555116,-51.439450010486091,audio_recording
sub-4,covert,150,-3.8242561819413226,-50.888510683872298,audio_recording
sub-5,overt,150,11.253001577297681,-35.920396361100615,audio_recording
sub-5,minimally_overt,150,-5.3540209895136783,-52.527418927911974,audio_recording
sub-5,covert,150,-5.8989805877839956,-53.072378526182291,audio_recording
sub-6,overt,150,11.281379563739286,-35.893281492102844,audio_recording
sub-6,minimally_overt,150,-4.0070782896450865,-51.181739345487216,audio_recording
sub-6,covert,150,-7.2743012740941921,-54.448962329936322,audio_recording
sub-7,overt,150,12.5718224326517,-36.471212084729494,audio_recording
sub-7,minimally_overt,150,-5.6451561067744933,-54.688190624155688,audio_recording
sub-7,covert,150,-6.9266663258772283,-55.969700843258423,audio_recording
sub-8,overt,150,11.419572877350774,-35.189027776550837,audio_recording
sub-8,minimally_overt,150,-5.5394466490233256,-52.148047302924937,audio_recording
sub-8,covert,150,-5.880126228327434,-52.488726882229045,audio_recording
sub-9,overt,150,6.0580331607574394,-37.857440910609917,audio_recording
sub-9,minimally_overt,150,2.1591169775626611,-41.756357093804695,audio_recording
sub-9,covert,150,-8.2171501383201146,-52.132624209687471,audio_recording
